Product,Price,Discount,Orignal Price,Pattern,Color
The Blazze Men's Sexy Soft Low Thongs Innerwear G Strin,301,25% OFF,399,printed,multicolor
Odoky Multi Color Cotton Half Sleeve T-Shirt,299,70% OFF,999,striped,multicolor
Seventh Sin Men's Washed Regular Fit Sky Blue Jeans,2130,7% OFF,2299,printed,multicolor
Vida Loca Cotton Designer Shirt For Men,649,74% OFF,2499,printed,multicolor
Raabta Fashion Black Yellow Grey Patchwork Cotton Round,532,69% OFF,1699,printed,multicolor
Men's Regular Fit Blue Jeans,1449,3% OFF,1499,printed,multicolor
The Blazze Men's Blank Stringer Y Back Bodybuilding Gym,899,55% OFF,1999,printed,multicolor
MyLook Men's Casual Shirt Blue,1049,50% OFF,2099,printed,multicolor
"Sports Shorts , Gym Shorts Combo Pack 6",849,55% OFF,1899,printed,multicolor
Lagnesh White Kurta Pajama Set,850,41% OFF,1445,printed,multicolor
UniVibe Yellow Color Lilen Designer Kurta Style Shirts,599,76% OFF,2499,printed,multicolor
UniVibe White Color Lilen Designer Kurta Style Shirts F,749,70% OFF,2499,printed,multicolor
Corporate Club Formal Office Wear Navy Blue Shirt for M,799,6% OFF,849,printed,multicolor
Pure cotton White Kurta Pyjama set,799,43% OFF,1400,printed,multicolor
Vida Loca Orange Color Cotton Designer Shirt For Men,649,74% OFF,2499,printed,multicolor
Vida Loca Cotton Designer Shirt For Men,549,78% OFF,2499,printed,multicolor
Ruggstar Track Pant for Men(Gray Navy+Maroon),679,32% OFF,999,printed,multicolor
The Blazze Men's Soft Low Rise G-String Underwear Sexy,499,50% OFF,999,printed,multicolor
Solo Mens Modern Grip Short Trunk Cotton Stretch Ultra,549,21% OFF,699,printed,multicolor
The Blazze Men's Sexy Soft Low Thong Thongs Innerwear G,499,50% OFF,999,printed,multicolor
Euro basic white (vest pack of 4 vest),559,13% OFF,640,printed,multicolor
The Blazze Men's Gym Vest Muscle Tee Tank Top Gym Tank,399,50% OFF,799,printed,multicolor
The Blazze Gym Tank Stringer For Men,399,50% OFF,799,printed,multicolor
Solo Mens Modern Grip Short Trunk Cotton Stretch Ultra,399,33% OFF,599,printed,multicolor
Pocket Size Logo Print - White,399,43% OFF,699,printed,multicolor
The Blazze Men's Blank Stringer Y Back Bodybuilding Gym,399,60% OFF,999,printed,multicolor
Baleshwar Mens White Formals Shirts,369,66% OFF,1099,printed,multicolor
Odoky Multi Color Cotton Half Sleeve T-Shirt,259,76% OFF,1098,printed,multicolor
The Blazze Men's Modal G String Sexy Low Rise Briefs Pa,309,50% OFF,618,printed,multicolor
The Blazze Men's Soft High Rise G-String Underwear Sexy,301,50% OFF,602,printed,multicolor
emoicons prined tshirts,349,65% OFF,999,printed,multicolor
Solid Men Polo Neck Black T-Shirt,299,40% OFF,499,printed,multicolor
Solo Mens Checks Inner Elastic Cotton Modern Low Waist,199,43% OFF,349,printed,multicolor
Sweat Hot Shapers Tummy Trimmer Slimming Belt / Hot Wai,119,88% OFF,999,solid,black
Eastern Club Adjustable Fat Burner Waist Trimmer For Me,209,79% OFF,999,printed,multicolor
UDNAG Unisex Round Neck Graphic 'I said yes' Polyester,399,80% OFF,1999,printed,multicolor
UDNAG Unisex Round Neck Graphic 'Gym | Train hard no' P,399,80% OFF,1999,printed,multicolor
UDNAG Unisex Round Neck Graphic 'Gym | Train like a Bos,399,80% OFF,1999,printed,multicolor
UDNAG Unisex Round Neck Graphic 'School Teacher | Engli,399,80% OFF,1999,printed,multicolor
UDNAG Unisex Round Neck Graphic 'Woman Engineer | ALL W,399,80% OFF,1999,printed,multicolor
UDNAG Unisex Round Neck Graphic 'Nurse | Party With Nur,399,80% OFF,1999,printed,multicolor
UDNAG Unisex Round Neck Graphic 'Bride | Brides mom' Po,399,80% OFF,1999,printed,multicolor
UDNAG Unisex Round Neck Graphic 'Brother | bro' Polyest,399,80% OFF,1999,printed,multicolor
UDNAG Unisex Round Neck Graphic 'School Teacher | livin,399,80% OFF,1999,printed,multicolor
UDNAG Unisex Round Neck Graphic 'Smoking | i quite Smok,399,80% OFF,1999,printed,multicolor
UDNAG Unisex Round Neck Graphic 'Bride | Page boy' Poly,399,80% OFF,1999,printed,multicolor
UDNAG Unisex Round Neck Graphic 'Failure | Our Greatest,399,80% OFF,1999,printed,multicolor
UDNAG Unisex Round Neck Graphic 'Crew | holiday baking,399,80% OFF,1999,printed,multicolor
UDNAG Unisex Round Neck Graphic 'Life cycle | Eat sleep,399,80% OFF,1999,printed,multicolor
UDNAG Unisex Round Neck Graphic 'I have not' Polyester,399,80% OFF,1999,printed,multicolor
UDNAG Unisex Round Neck Graphic 'Trainer gym | Train di,399,80% OFF,1999,printed,multicolor
UDNAG Unisex Round Neck Graphic '| bron to ski forced t,399,80% OFF,1999,printed,multicolor
UDNAG Unisex Round Neck Graphic 'School Teacher | I onl,399,80% OFF,1999,printed,multicolor
UDNAG Unisex Round Neck Graphic 'Sons of Liberty | Amer,399,80% OFF,1999,printed,multicolor
UDNAG Unisex Round Neck Graphic '| Busy raising' Polyes,399,80% OFF,1999,printed,multicolor
UDNAG Unisex Round Neck Graphic 'Expand your' Polyester,399,80% OFF,1999,printed,multicolor
UDNAG Unisex Round Neck Graphic 'America | America y'al,399,80% OFF,1999,printed,multicolor
UDNAG Unisex Round Neck Graphic 'Gym | Train hard or' P,399,80% OFF,1999,printed,multicolor
billi bliss T Shirt for Boys,799,33% OFF,1199,printed,multicolor
Graphic Tee,249,58% OFF,599,printed,multicolor
Baleshwar Pink Formals Shirts,399,67% OFF,1199,printed,multicolor
AKD Chek Full Sleeve Shirt,860,52% OFF,1800,printed,multicolor
Men's Polo T-Shirt Cotton Solid Off White Melange Contr,699,22% OFF,899,printed,multicolor
QDesigns Blue Plain Slim Nehru Jacket for Men,3499,50% OFF,6999,printed,multicolor
Cs red men lower,650,48% OFF,1250,printed,multicolor
Solo Men's Versatile White Cotton Round Neck Fine Vest,679,9% OFF,749,printed,multicolor
White Color Half Sleeve Love Hope Printed Tshirt,299,50% OFF,599,printed,multicolor
Solo Mens Vigour Cotton Low Waist Stretch Ultra Soft Cl,259,40% OFF,429,printed,multicolor
Solo Mens Vigour Cotton Low Waist Stretch Ultra Soft Cl,209,30% OFF,299,printed,multicolor
Solo Mens Checks Outer Elastic Cotton Ultra Soft Modern,289,28% OFF,399,printed,multicolor
Wood Printed Design on White  with Grey Design Shirt By,930,28% OFF,1299,printed,multicolor
Black with Golden Print Shirt By Corporate Club,930,28% OFF,1299,printed,multicolor
White Ground with Black Dot Print Shirt By Corporate Cl,930,28% OFF,1299,printed,multicolor
Black and White Print Checks Shirt By Corporate Club,930,28% OFF,1299,printed,black
Wood Printed Design on White with Brown Design Shirt By,930,28% OFF,1299,printed,multicolor
White with Black  Blue Print Shirt By Corporate Club,930,28% OFF,1299,printed,multicolor
Khaki with Navy  Rust Print with Chinese Collar Shirt B,930,28% OFF,1299,printed,multicolor
Sky Blue with Black  White Random Print Shirt By Corpor,930,28% OFF,1299,printed,multicolor
White with Brown Print Shirt By Corporate Club,930,28% OFF,1299,printed,multicolor
Panel Print Design in Grey  Black Color Shirt By Corpor,930,28% OFF,1299,printed,multicolor
Black Ground with Golden Dot Print Shirt By Corporate C,930,28% OFF,1299,printed,multicolor
Dyed Yarn Waffle Brown Fabric Shirt By Corporate Club,930,28% OFF,1299,printed,multicolor
Black with White  Black Random Print Shirt By Corporate,930,28% OFF,1299,printed,multicolor
Panel Print Design in Khaki  Brown Color Shirt By Corpo,930,28% OFF,1299,printed,multicolor
SOLO Men's Modern Virgin Cotton V-Cut Low Waist Stretch,279,38% OFF,449,printed,multicolor
Disperse Print Sky with Flower Print Shirt By Corporate,930,28% OFF,1299,printed,multicolor
SOLO Men's Modern Virgin Cotton V-Cut Low Waist Stretch,329,27% OFF,449,printed,multicolor
SOLO Men's Modern Virgin Cotton V-Cut Low Waist Stretch,289,55% OFF,648,printed,multicolor
Manlino Men's Premium Polo T-Shirt (Pack of 2),749,42% OFF,1299,printed,multicolor
White  Cotton Formal Shirt For Men,599,0% OFF,600,printed,multicolor
Mens knitting T shirt in navy blue  color,587,40% OFF,979,graphic print,blue
Shirt,929,9% OFF,1025,printed,multicolor
Sampark Casual Touch Pink 100 cotton full sleeve shirt,969,21% OFF,1222,printed,multicolor
BearBerry Mens Semi-Formal Shirt,1520,5% OFF,1599,printed,multicolor
NOT A TOY Brown Printed Shirt,699,36% OFF,1099,printed,multicolor
Shirt,900,5% OFF,945,printed,multicolor
white rn vest pack of 3,250,17% OFF,300,printed,multicolor
"sameeb fashions pvt ltd ,full sleeve ,Black  White Shir",699,50% OFF,1399,printed,multicolor
mens-nehru-jacket-black for professional and party waer,1799,28% OFF,2499,printed,multicolor
Arbor White Round Neck Half sleeve T-Shirt,349,56% OFF,799,printed,multicolor
PARRY'S DRY-FIT LOWERS / TRACKPANTS,899,47% OFF,1699,printed,multicolor
Mumbai Tattoo T-shirt XXL Color Black,599,50% OFF,1200,printed,multicolor
White Color Half Sleeve Gurjar Printed Tshirt,299,50% OFF,599,printed,multicolor
Creative Hizz,599,50% OFF,1199,printed,multicolor
MID Fashion Clib Men's Solid Casual Orange Shirt,1850,5% OFF,1950,printed,multicolor
Mans t shirt half sleeves Maroon clolor,330,64% OFF,925,printed,multicolor
Mana t shirt half sleeves light green clolr,299,66% OFF,890,printed,multicolor
Stylish Mens Solid Casual Red Shirt,1200,8% OFF,1300,printed,multicolor
SOLO Men's Modern Virgin Cotton V-Cut Low Waist Stretch,279,38% OFF,449,solid,multicolor
"GAS Polo Mens T-shirt (Color - Blue, Size - XL)",1299,41% OFF,2199,printed,multicolor
T Shirt for Men,500,50% OFF,999,printed,multicolor
Grey Color Bodybuilder Printed Tshirt,299,50% OFF,599,printed,multicolor
Myky White Regular Fit Solid For Men Pack of 2,898,55% OFF,1998,printed,multicolor
Solely Men Polyester Yellow Eye Printed Dryfit Tshirt,129,74% OFF,499,printed,multicolor
Poly Blend White Short Sleeves Solid Tshirts (Pack of 2,399,60% OFF,999,printed,multicolor
Viaan Trending Printed T-shirt For Men (Pack of 2),499,17% OFF,599,printed,multicolor
Outstanding Designed Kantha Stitch (Hand Made) Cotton K,979,2% OFF,999,printed,multicolor
Poly Blend Yellow Short Sleeves Printed Tshirts,399,20% OFF,499,printed,multicolor
ENUX MEN PRINTED WHITE HALF SLEEVE TSHIRT PACK OF 2 (Pa,279,57% OFF,645,printed,multicolor
"Viaan Trending  Grey, White Printed T-shirt For Men (Pa",499,17% OFF,599,printed,multicolor
Enux Men Printed Grey Half Sleeve Tshirt,399,20% OFF,499,printed,multicolor
Trending Men's Printed Tshirt For Men,399,20% OFF,499,printed,multicolor
Poly Blend White Short Sleeves Printed Tshirts,399,20% OFF,499,printed,multicolor
Ruggstar Yellow Printed Half Sleeve Round Neck Casual T,269,66% OFF,799,printed,multicolor
Ruggstar Olive Printed Half Sleeve Round Neck Casual T-,269,66% OFF,799,printed,multicolor
Ruggstar White Printed Half Sleeve Round Neck Casual T-,269,66% OFF,799,printed,multicolor
Ruggstar White Printed Half Sleeve Round Neck Casual T-,319,60% OFF,799,printed,multicolor
Ruggstar Grey Printed Half Sleeve Round Neck Casual T-S,269,66% OFF,799,printed,multicolor
Men's Slim Fit Blue Jeans,1899,11% OFF,2137,printed,multicolor
Mens knitting T shirt in navy blue  color,587,40% OFF,979,printed,multicolor
Magson Elite Mens Pure Cotton Formal Shirt,999,17% OFF,1199,printed,multicolor
Hot Stroke LaIntimo Brief,480,20% OFF,599,printed,multicolor
Hunk Punk LaIntimo Trunk,600,20% OFF,749,printed,multicolor
Kink Blink LaIntimo Thong,560,20% OFF,699,printed,multicolor
Sauve Love LaIntimo Trunk,560,20% OFF,699,printed,multicolor
True Hue LaIntimo Gstring,440,20% OFF,549,printed,multicolor
Evil Appeal LaIntimo Semiseamless,480,20% OFF,599,printed,multicolor
Fit Fantasy LaIntimo Trunk,600,25% OFF,799,printed,multicolor
Swag Tag LaIntimo Boyshorts,560,20% OFF,699,printed,multicolor
Thigh High LaIntimo Thong,440,20% OFF,549,printed,multicolor
Fave Slave LaIntimo Cstring,400,20% OFF,499,printed,multicolor
Strip Grip LaIntimo Jock,440,20% OFF,549,printed,multicolor
Button Glutton LaIntimo Brief,560,20% OFF,699,printed,multicolor
Plush Blush LaIntimo Brief,480,20% OFF,599,printed,multicolor
Manlino Men's Premium Plain Shorts (Pack of 2),799,58% OFF,1899,printed,multicolor
Manlino Men's Premium Printed Round Neck T-Shirt,399,64% OFF,1099,printed,multicolor
Manlino Men's Premium Plain Shorts (Pack of 3),999,66% OFF,2899,printed,multicolor
Manlino Men's Premium Round Neck T-Shirt (Pack of 2),1349,33% OFF,1999,printed,multicolor
Manlino Men's Premium Round Neck T-Shirt,399,64% OFF,1099,printed,multicolor
Manlino Men's Premium Round Neck T-Shirt (Pack of 3),1849,38% OFF,2999,printed,multicolor
Manlino Men's Premium Shorts,399,64% OFF,1099,printed,multicolor
Ruggstar branded Best-Selling Combo Pack of 2 for men(B,819,18% OFF,999,printed,multicolor
UDNAG Unisex Round Neck Graphic 'Director | director of,399,80% OFF,1999,printed,multicolor
UDNAG Unisex Round Neck Graphic 'Mother | mother of dog,399,80% OFF,1999,printed,multicolor
UDNAG Unisex Round Neck Graphic 'Travelling | Oh' Polye,399,80% OFF,1999,printed,multicolor
"UDNAG Unisex Round Neck Graphic 'Basketball | Ready, se",399,80% OFF,1999,printed,multicolor
UDNAG Unisex Round Neck Graphic 'Dog | Dogs Before Dude,399,80% OFF,1999,printed,multicolor
UDNAG Unisex Round Neck Graphic 'Mother | Hoop just lik,399,80% OFF,1999,printed,multicolor
"UDNAG Unisex Round Neck Graphic 'Volleyball | Eat, slee",399,80% OFF,1999,printed,multicolor
UDNAG Unisex Round Neck Graphic 'Dog | Sorry I Can't I,399,80% OFF,1999,printed,multicolor
UDNAG Unisex Round Neck Graphic 'Basketball | Thats my,399,80% OFF,1999,printed,multicolor
UDNAG Unisex Round Neck Graphic 'Dog | I Love Fur Babie,399,80% OFF,1999,printed,multicolor
UDNAG Unisex Round Neck Graphic 'Dog | I Love My Dog' P,399,80% OFF,1999,printed,multicolor
UDNAG Unisex Round Neck Graphic 'Basketball | Life is l,399,80% OFF,1999,printed,multicolor
UDNAG Unisex Round Neck Graphic 'Basketball | Talk less,399,80% OFF,1999,printed,multicolor
UDNAG Unisex Round Neck Graphic 'Nurse | nurse of the m,399,80% OFF,1999,printed,multicolor
UDNAG Unisex Round Neck Graphic 'Witch | fourth sanders,399,80% OFF,1999,printed,multicolor
UDNAG Unisex Round Neck Graphic 'Witch | coulda had a b,399,80% OFF,1999,printed,multicolor
UDNAG Unisex Round Neck Graphic 'Music | Singing' Polye,399,80% OFF,1999,printed,multicolor
UDNAG Unisex Round Neck Graphic 'Beer | Beer is such an,399,80% OFF,1999,printed,multicolor
UDNAG Unisex Round Neck Graphic 'Travelling | Once a ye,399,80% OFF,1999,printed,multicolor
UDNAG Unisex Round Neck Graphic 'Hunting | hunting club,399,80% OFF,1999,printed,multicolor
UDNAG Unisex Round Neck Graphic 'Stamp collector | Not',399,80% OFF,1999,printed,multicolor
UDNAG Unisex Round Neck Graphic 'Cooking | your' Polyes,399,80% OFF,1999,printed,multicolor
UDNAG Unisex Round Neck Graphic 'Hunting | Legentary bi,399,80% OFF,1999,printed,multicolor
UDNAG Unisex Round Neck Graphic 'Cooking | I'm a copy',399,80% OFF,1999,printed,multicolor
UDNAG Unisex Round Neck Graphic 'Travelling | Just' Pol,399,80% OFF,1999,printed,multicolor
UDNAG Unisex Round Neck Graphic 'Hunting | the man the,399,80% OFF,1999,printed,multicolor
UDNAG Unisex Round Neck Graphic 'Singing | singing touc,399,80% OFF,1999,printed,multicolor
UDNAG Unisex Round Neck Graphic 'Hunting | Deer hunting,399,80% OFF,1999,printed,multicolor
UDNAG Unisex Round Neck Graphic 'Dog | A house is not a,399,80% OFF,1999,printed,multicolor
UDNAG Unisex Round Neck Graphic 'Climbing | Climbing ma,399,80% OFF,1999,printed,multicolor
UDNAG Unisex Round Neck Graphic 'Climbing | Climbing is,399,80% OFF,1999,printed,multicolor
UDNAG Unisex Round Neck Graphic 'Dog | Dog My Best Frie,399,80% OFF,1999,printed,multicolor
UDNAG Unisex Round Neck Graphic 'Mother | mom copy 2' P,399,80% OFF,1999,printed,multicolor
UDNAG Unisex Round Neck Graphic 'Music | Without' Polye,399,80% OFF,1999,printed,multicolor
UDNAG Unisex Round Neck Graphic 'Halloween | pumpkin sp,399,80% OFF,1999,printed,multicolor
UDNAG Unisex Round Neck Graphic 'Halloween | Wicked Lit,399,80% OFF,1999,printed,multicolor
UDNAG Unisex Round Neck Graphic 'Climbing | love like',399,80% OFF,1999,printed,multicolor
UDNAG Unisex Round Neck Graphic 'Stamp collector | Phil,399,80% OFF,1999,printed,multicolor
UDNAG Unisex Round Neck Graphic 'Books | I like' Polyes,399,80% OFF,1999,printed,multicolor
UDNAG Unisex Round Neck Graphic 'Walking | Walking with,399,80% OFF,1999,printed,multicolor
UDNAG Unisex Round Neck Graphic 'Walking | your copy' P,399,80% OFF,1999,printed,multicolor
UDNAG Unisex Round Neck Graphic 'Witch | head witch in,399,80% OFF,1999,printed,multicolor
UDNAG Unisex Round Neck Graphic 'Hunting | it is flies,399,80% OFF,1999,printed,multicolor
UDNAG Unisex Round Neck Graphic 'Principal | principal,399,80% OFF,1999,printed,multicolor
UDNAG Unisex Round Neck Graphic 'Dog | fur mama' Polyes,399,80% OFF,1999,printed,multicolor
UDNAG Unisex Round Neck Graphic 'Football | Do the hike,399,80% OFF,1999,printed,multicolor
UDNAG Unisex Round Neck Graphic 'Dog | Dogs Welcome Peo,399,80% OFF,1999,printed,multicolor
UDNAG Unisex Round Neck Graphic 'Dog | The Road to my H,399,80% OFF,1999,printed,multicolor
UDNAG Unisex Round Neck Graphic 'Football | Faith famil,399,80% OFF,1999,printed,multicolor
UDNAG Unisex Round Neck Graphic 'Walking | Thanks copy',399,80% OFF,1999,printed,multicolor
UDNAG Unisex Round Neck Graphic 'Bowling | This is' Pol,399,80% OFF,1999,printed,multicolor
UDNAG Unisex Round Neck Graphic 'Running | I'm a proud',399,80% OFF,1999,printed,multicolor
UDNAG Unisex Round Neck Graphic 'Zombie | Zombie Hunter,399,80% OFF,1999,printed,multicolor
UDNAG Unisex Round Neck Graphic 'Father | All papas' Po,399,80% OFF,1999,printed,multicolor
UDNAG Unisex Round Neck Graphic 'Bowling | Bowling 0' P,399,80% OFF,1999,printed,multicolor
UDNAG Unisex Round Neck Graphic 'Running | Run for run',399,80% OFF,1999,printed,multicolor
UDNAG Unisex Round Neck Graphic 'Books | A book a day',399,80% OFF,1999,printed,multicolor
UDNAG Unisex Round Neck Graphic 'Gaming | Gaming is a',399,80% OFF,1999,printed,multicolor
Leotude Men Black Printed Cotton Blend T-Shirt,349,68% OFF,1099,printed,multicolor
Leotude Men Red Printed Cotton Blend T-Shirt,369,66% OFF,1099,printed,multicolor
Leotude Men Mustard Color Block Cotton Blend T-Shirt,399,64% OFF,1099,printed,multicolor
Leotude Men Black Printed Cotton Blend T-Shirt,369,66% OFF,1099,printed,multicolor
Leotude Men Brown Printed Cotton Blend T-Shirt,369,66% OFF,1099,printed,multicolor
LEOTUDE Red Oversized Cottonblend Half Sleeve T-Shirt f,369,66% OFF,1099,printed,multicolor
PULAKIN Polo Collar Blue T-Shirt For Men,569,43% OFF,999,printed,multicolor
PULAKIN Men Sweaters Multicolor,589,41% OFF,999,printed,multicolor
PULAKIN Men Sweaters Beige,589,41% OFF,999,printed,multicolor
PULAKIN Men Sweaters Red,589,41% OFF,999,printed,multicolor
PULAKIN Men Sweaters Black,589,41% OFF,999,printed,multicolor
"PULAKIN Men Sweaters Maroon,Red",879,12% OFF,999,printed,multicolor
PULAKIN Polo Collar Pink T-Shirt For Men,569,43% OFF,999,printed,multicolor
Bhagyashray Solid Men Mandarin Collar Navy Blue T-Shirt,269,46% OFF,499,printed,multicolor
Sivacchi Men Red Underwear,254,49% OFF,499,printed,multicolor
Sivacchi Men Blue Underwear,254,49% OFF,499,printed,multicolor
UDNAG Unisex Round Neck Graphic 'Gaming | Choose' Polye,399,80% OFF,1999,printed,multicolor
UDNAG Unisex Round Neck Graphic 'Baseball | Baseball co,399,80% OFF,1999,printed,multicolor
UDNAG Unisex Round Neck Graphic 'Baseball | House' Poly,399,80% OFF,1999,printed,multicolor
UDNAG Unisex Round Neck Graphic 'Football | livin footb,399,80% OFF,1999,printed,multicolor
UDNAG Unisex Round Neck Graphic 'Badminton | Love copy',399,80% OFF,1999,printed,multicolor
UDNAG Unisex Round Neck Graphic 'Christmas | Dear santa,399,80% OFF,1999,printed,multicolor
UDNAG Unisex Round Neck Graphic 'Opportunity | Bring th,399,80% OFF,1999,printed,multicolor
UDNAG Unisex Round Neck Graphic 'Badminton | Badminton',399,80% OFF,1999,printed,multicolor
UDNAG Unisex Round Neck Graphic 'Aggle | livin that agg,399,80% OFF,1999,printed,multicolor
UDNAG Unisex Round Neck Graphic 'Christmas | merry and,399,80% OFF,1999,printed,multicolor
UDNAG Unisex Round Neck Graphic 'Badminton | I'm a bit',399,80% OFF,1999,printed,multicolor
UDNAG Unisex Round Neck Graphic 'Christmas | Merry chri,399,80% OFF,1999,printed,multicolor
UDNAG Unisex Round Neck Graphic 'Badminton | Keep calm,399,80% OFF,1999,printed,multicolor
UDNAG Unisex Round Neck Graphic 'Cardinals | livin that,399,80% OFF,1999,printed,multicolor
UDNAG Unisex Round Neck Graphic 'Champion | livin that,399,80% OFF,1999,printed,multicolor
UDNAG Unisex Round Neck Graphic 'Tennis | Tennis' Polye,399,80% OFF,1999,printed,multicolor
UDNAG Unisex Round Neck Graphic 'Christmas | my first c,399,80% OFF,1999,printed,multicolor
UDNAG Unisex Round Neck Graphic 'Bulls | livin that bul,399,80% OFF,1999,printed,multicolor
UDNAG Unisex Round Neck Graphic 'Tennis | I'm the' Poly,399,80% OFF,1999,printed,multicolor
UDNAG Unisex Round Neck Graphic 'Basketball | Basketbal,399,80% OFF,1999,printed,multicolor
UDNAG Unisex Round Neck Graphic 'Basketball | basket' P,399,80% OFF,1999,printed,multicolor
UDNAG Unisex Round Neck Graphic 'Swimming | If you copy,399,80% OFF,1999,printed,multicolor
UDNAG Unisex Round Neck Graphic 'Boxing | Boxing champi,399,80% OFF,1999,printed,multicolor
UDNAG Unisex Round Neck Graphic 'Golf | Born' Polyester,399,80% OFF,1999,printed,multicolor
UDNAG Unisex Round Neck Graphic 'Halloween | Trick or t,399,80% OFF,1999,printed,multicolor
UDNAG Unisex Round Neck Graphic 'Boxing | Boxing' Polye,399,80% OFF,1999,printed,multicolor
UDNAG Unisex Round Neck Graphic 'Boxing | Boxing gym' P,399,80% OFF,1999,printed,multicolor
UDNAG Unisex Round Neck Graphic 'Golf | golf copy' Poly,399,80% OFF,1999,printed,multicolor
UDNAG Unisex Round Neck Graphic 'Movies | When' Polyest,399,80% OFF,1999,printed,multicolor
UDNAG Unisex Round Neck Graphic 'Football | There are m,399,80% OFF,1999,printed,multicolor
UDNAG Unisex Round Neck Graphic 'Football | There are',399,80% OFF,1999,printed,multicolor
UDNAG Unisex Round Neck Graphic 'Baseball | More than',399,80% OFF,1999,printed,multicolor
UDNAG Unisex Round Neck Graphic 'Golf | I love' Polyest,399,80% OFF,1999,printed,multicolor
UDNAG Unisex Round Neck Graphic 'Swimming | Make' Polye,399,80% OFF,1999,printed,multicolor
UDNAG Unisex Round Neck Graphic 'Baseball | Eat copy 3',399,80% OFF,1999,printed,multicolor
UDNAG Unisex Round Neck Graphic 'Movies | Life is' Poly,399,80% OFF,1999,printed,multicolor
UDNAG Unisex Round Neck Graphic 'Baseball | Game' Polye,399,80% OFF,1999,printed,multicolor
UDNAG Unisex Round Neck Graphic 'Halloween | Lets get s,399,80% OFF,1999,printed,multicolor
UDNAG Unisex Round Neck Graphic 'Halloween | Fright thi,399,80% OFF,1999,printed,multicolor
UDNAG Unisex Round Neck Graphic 'Hard work | Win if' Po,399,80% OFF,1999,printed,multicolor
UDNAG Unisex Round Neck Graphic 'Teacher Student | 2nd,399,80% OFF,1999,printed,multicolor
UDNAG Unisex Round Neck Graphic 'Racing | Auto racing',399,80% OFF,1999,printed,multicolor
UDNAG Unisex Round Neck Graphic 'Teacher | kinder tribe,399,80% OFF,1999,printed,multicolor
UDNAG Unisex Round Neck Graphic 'Football | American 19,399,80% OFF,1999,printed,multicolor
UDNAG Unisex Round Neck Graphic 'Gaming | just one' Pol,399,80% OFF,1999,printed,multicolor
UDNAG Unisex Round Neck Graphic 'Teacher Student | 3rd,399,80% OFF,1999,printed,multicolor
UDNAG Unisex Round Neck Graphic 'Teacher Student | hell,399,80% OFF,1999,printed,multicolor
UDNAG Unisex Round Neck Graphic 'Teacher Student | pre-,399,80% OFF,1999,printed,multicolor
UDNAG Unisex Round Neck Graphic 'Football | Angry Bears,399,80% OFF,1999,printed,multicolor
UDNAG Unisex Round Neck Graphic 'Teacher Student | KIND,399,80% OFF,1999,printed,multicolor
UDNAG Unisex Round Neck Graphic 'Baseball | my is on th,399,80% OFF,1999,printed,multicolor
UDNAG Unisex Round Neck Graphic 'Teacher Student | sped,399,80% OFF,1999,printed,multicolor
UDNAG Unisex Round Neck Graphic 'Football | Angry tiger,399,80% OFF,1999,printed,multicolor
UDNAG Unisex Round Neck Graphic 'Mother | LAUNDRY mom s,399,80% OFF,1999,printed,multicolor
UDNAG Unisex Round Neck Graphic 'Baseball | baseball ob,399,80% OFF,1999,printed,multicolor
UDNAG Unisex Round Neck Graphic 'Honeybee | kind' Polye,399,80% OFF,1999,printed,multicolor
UDNAG Unisex Round Neck Graphic 'Teacher Student | Head,399,80% OFF,1999,printed,multicolor
UDNAG Unisex Round Neck Graphic 'Teacher Student | firs,399,80% OFF,1999,printed,multicolor
UDNAG Unisex Round Neck Graphic 'Football | Pro soccer',399,80% OFF,1999,printed,multicolor
UDNAG Unisex Round Neck Graphic 'Teacher Student | 6 th,399,80% OFF,1999,printed,multicolor
UDNAG Unisex Round Neck Graphic 'Teacher Student | 5th,399,80% OFF,1999,printed,multicolor
UDNAG Unisex Round Neck Graphic 'Football | American co,399,80% OFF,1999,printed,multicolor
UDNAG Unisex Round Neck Graphic 'Teacher Student | pre,399,80% OFF,1999,printed,multicolor
U-Light Men Warmy V-Neck Thermal Set For Winter Top And,1199,60% OFF,2999,printed,multicolor
U-Light Men Deep Neck Thermal Set For Winter Top And Bo,1199,60% OFF,2999,printed,multicolor
U-Light Men Thermal Set For Winter Top And Bottom Wear,1199,60% OFF,2999,printed,multicolor
MEN'S CASUAL POLO TSHIRT,1599,47% OFF,2999,printed,multicolor
The Cotton Oneck - Tshirtpartner,349,42% OFF,599,printed,multicolor
Manlino Men's Premium Plain Track Pant,449,59% OFF,1099,printed,multicolor
Manlino Men's Premium Plain Track Pant (Pack of 3),1199,60% OFF,2999,printed,multicolor
Manlino Men's Premium Shorts (Pack of 3),999,66% OFF,2899,printed,multicolor
Manlino Men's Premium Plain Track Pant (Pack of 2),899,55% OFF,1999,printed,multicolor
SOLO Mens Rockstar Cotton Stretch Ultra Soft Classic Br,409,52% OFF,849,printed,multicolor
Cotton Premium Lungi 2 Meter-Pack OF 2 Pieces,383,52% OFF,799,printed,multicolor
Solo Men's Casual Sleeveless U Shape White Fine Vest,240,11% OFF,269,printed,multicolor
Solo Mens Sport Cotton Low Waist Stretch Ultra Soft Cla,199,20% OFF,249,printed,multicolor
Vestes Polo T-Shirt Black,599,70% OFF,1999,printed,multicolor
Super Zha - Round Neck Tamil T-shirt,259,57% OFF,599,printed,multicolor
Biggtom Originals Black and Green collar T-Shirt,449,44% OFF,799,printed,multicolor
Cotton Cream Plain Formal Shirt By Blue Buton,649,48% OFF,1249,printed,multicolor
Redbrick Oblique Zipper Hoodies Men t-shirt (100 cotton,299,85% OFF,1995,printed,multicolor
Manlino Mens's Round Neck T-Shirt,349,56% OFF,799,printed,multicolor
Manlino Men's Premium Polo T-Shirt,439,45% OFF,799,printed,multicolor
"Manlino Cotton Polo T-Shirt For Men (White and Navy, Pa",749,42% OFF,1299,printed,multicolor
Manlino Cotton Polo T-Shirt For Men (Melange),439,45% OFF,799,printed,multicolor
"Sports Polyester Multi-colour Shorts,Swimming Shorts,Gy",595,69% OFF,1899,printed,multicolor
Manlino Cotton Polo T-Shirt For Men (Navy),439,45% OFF,799,printed,multicolor
Manlino Cotton Polo T-Shirt For Men (White),439,45% OFF,799,printed,multicolor
Solo Mens Modern Grip Short Trunk Cotton Stretch Ultra,249,42% OFF,429,printed,multicolor
T-SHIRT,350,65% OFF,999,printed,multicolor
DISONE White Dhoti for Men,799,60% OFF,1999,printed,multicolor
Solid Men Brown Single Bone Track Pants(Brown),379,24% OFF,499,printed,multicolor
Solid Men Meroon Double Bone  Track Pants,379,24% OFF,499,printed,multicolor
Solid Men Dark Blue Single bon Track Pants,379,24% OFF,499,printed,multicolor
Solid Men Black Double Bone Track Pants (Black),379,24% OFF,499,printed,multicolor
Solid Men Meroon Single Bon Track Pants,389,22% OFF,499,printed,multicolor
Solid Men Light Grey Single Bone  Track Pants(L-Grey),379,24% OFF,499,printed,multicolor
"SOLO Men's Zion Cotton Short Trunk - Navy, Green Color",419,40% OFF,699,printed,multicolor
"SOLO Men's Zion Cotton Short Trunk - Black, Red, Navy C",559,33% OFF,829,printed,multicolor
Feather point Full Sleeve T Shirts (Light Blue),449,50% OFF,899,printed,multicolor
"SOLO Men's Zion Cotton Short Trunk - Black, Green Color",369,47% OFF,699,printed,multicolor
Manlino Men's Premium Plain Shorts,399,64% OFF,1099,printed,multicolor
Corporate Club Amezone Mens Formal Office Wear Shirt Li,590,16% OFF,699,printed,multicolor
Corporate Club  Beetel Mens Formal Office Wear Shirt Gr,590,16% OFF,699,printed,multicolor
Corporate Club 50029 Mens Formal Office Wear Shirt Pink,590,16% OFF,699,printed,multicolor
Corporate Club Orchid Mens Formal Office Wear Shirt Ora,460,8% OFF,499,printed,multicolor
Corporate Club Tunica Party Wear Shirt Orange- S,499,9% OFF,549,printed,multicolor
Corporate Club  Beetel Mens Formal Office Wear Shirt Kh,590,16% OFF,699,printed,multicolor
belle bliss boys printed shirt,1499,17% OFF,1799,printed,multicolor
Redline Mens Piema Crew Neck T-Shirt,315,47% OFF,599,printed,multicolor
belle bliss boys printed shirt,1399,22% OFF,1799,printed,multicolor
belle bliss boys printed shirt,1299,28% OFF,1799,printed,multicolor
Black Downshoulder Rebellion T-Shirt,700,30% OFF,999,printed,multicolor
Red Downshoulder Rebellion T-Shirt,599,40% OFF,999,printed,multicolor
Beeutiful Designed Kantha Stitch (Hand Made) Cotton Kur,945,5% OFF,999,printed,multicolor
Formal Shirt Adam Phillip,1200,45% OFF,2170,printed,multicolor
Formal Shirt Adam Phillip,499,71% OFF,1750,printed,multicolor
Solely Men Dragon Printed Dryfit Tshirt,179,64% OFF,499,printed,multicolor
Blue Block Printed Kurta Pyjama for Boys,1299,35% OFF,1999,printed,multicolor
Richgoat Men Self Design Green///White Sweatshirt,699,65% OFF,1999,printed,multicolor
Richgoat Men Printed Blue Sweatshirt,699,65% OFF,1999,printed,multicolor
RICHGOAT Men Casual Multicolor T-Shirt,314,55% OFF,699,printed,multicolor
RICHGOAT Men Casual White T-Shirt,314,55% OFF,699,printed,multicolor
Richgoat Men Printed Yellow Sweatshirt,699,65% OFF,1999,printed,multicolor
Richgoat Men Self Design Blue Sweatshirt,699,65% OFF,1999,printed,multicolor
RICHGOAT Men Casual Blue T-Shirt,314,55% OFF,699,printed,multicolor
Richgoat Men Printed Blue Sweatshirt,499,50% OFF,999,printed,multicolor
Richgoat Men Printed Purple Sweatshirt,499,50% OFF,999,printed,multicolor
Richgoat Men Casual White T-Shirt,579,17% OFF,699,printed,multicolor
Richgoat Men Casual Yellow T-Shirt,579,17% OFF,699,printed,multicolor
LEOTUDE Men's Oversize Cottonblend Half Sleeve Printed,699,36% OFF,1099,printed,multicolor
Leotude Men Green Printed Cotton Blend T-Shirt,349,68% OFF,1099,printed,multicolor
Leotude Men Navy Printed Cotton Blend T-Shirt,429,61% OFF,1099,printed,multicolor
AV Collins men's round neck navy blue and maroon half s,299,63% OFF,799,printed,multicolor
Teerycot Men's Wear Multicolor Lungi In Checked Design,251,50% OFF,499,printed,multicolor
Multicolor Rajkumar Men's Wear Lungi 2.25 Meter Pack Of,428,52% OFF,899,printed,multicolor
Multicolor Rajkumar Men's Wear Lungi 2.25 Meter Pack Of,667,33% OFF,999,printed,multicolor
Men's Wear Teerycot Rajkumar Lungi in Checked Design 2.,513,49% OFF,999,printed,multicolor
Gentleman Men's White Inner Vest 5 Pcs pack,376,46% OFF,699,printed,multicolor
Men's White Inner Vest  Teerycot Men's Wear Multicolor,299,50% OFF,599,printed,multicolor
Teerycot Men's Wear Multicolor Lungi In Checked Design,513,49% OFF,999,printed,multicolor
REDLINE MENS OLIVE GREEN SALID POLO T-SHIRTS,699,30% OFF,999,printed,multicolor
Men's Enzyme Finish Solid Polo T-Shirt,899,15% OFF,1059,printed,multicolor
Men's Sky Blue Enzyme Finish Solid Polo T-Shirt,899,18% OFF,1099,printed,multicolor
Men's Water Blue Enzyme Finish Solid Polo T-Shirt,899,18% OFF,1099,printed,multicolor
REDLINE MENS PINK SOLID POLO T-SHIRTS,699,30% OFF,999,printed,multicolor
REDLINE MENS NAVY SOLID POLO T-SHIRTS,699,30% OFF,999,printed,multicolor
Incredible Designed Fabric Printed (Hand Made) Cotton K,979,2% OFF,999,printed,multicolor
Mens Solid Black Hoodies,749,25% OFF,999,printed,multicolor
Mens Solid Royal Blue Hoodies,749,25% OFF,999,printed,multicolor
Mens Royal Blue Polo Melange T-shirt,449,25% OFF,599,printed,multicolor
Mens Solid santal Hoodies,749,25% OFF,999,printed,multicolor
Cotton Half Sleeve Round Neck T-Shirt for Men and Women,799,38% OFF,1299,printed,multicolor
Cotton Half Sleeve round neck T-Shirt for Men and Women,299,40% OFF,499,printed,multicolor
Cotton Half Sleeve Round Neck T-Shirt for Men and Women,549,45% OFF,999,printed,multicolor
Slagen Solid Men Blue Sports Shorts,549,21% OFF,699,printed,multicolor
Slagen Full Sleeve Self Design Men Jacket,699,68% OFF,2199,printed,multicolor
Slagen Solid Men Black Sports Shorts,549,21% OFF,699,printed,multicolor
Slagen Color Block Men Multicolor Sports Shorts,451,35% OFF,699,printed,multicolor
Slagen Self Design Men Grey Sports Shorts,549,21% OFF,699,printed,multicolor
PRJ IN STYLE Slim Men Black Jeans,499,78% OFF,2299,printed,multicolor
Slim Men Blue Jeans,495,60% OFF,1249,printed,multicolor
PRJ IN STYLE Slim Men Black Jeans,499,60% OFF,1249,printed,multicolor
PRJ IN STYLE Jogger Fit Men Black Jeans,665,61% OFF,1699,printed,multicolor
PRJ IN STYLE Slim Men Dark Blue Jeans,665,45% OFF,1199,printed,multicolor
PRJ IN STYLE Slim Men Dark Blue Jeans,699,70% OFF,2299,printed,multicolor
PRJ IN STYLE Slim Men Dark Blue Jeans,665,47% OFF,1249,printed,multicolor
REDLINE MENS RED  SOLID POLO T-SHIRTS,699,30% OFF,999,printed,multicolor
REDLINE MENS GREEN POCKET POLO T-SHIRTS,699,30% OFF,999,printed,multicolor
REDLINE MENS PINK POCKET POLO T-SHIRTS,699,30% OFF,999,printed,multicolor
REDLINE MENS LIGHT GREEN POCKET POLO T-SHIRTS,699,30% OFF,999,printed,multicolor
REDLINE MENS YELLOW SOLID POLO T-SHIRTS,699,30% OFF,999,printed,multicolor
REDLINE MENS DARK PINK SOLID POLO T-SHIRTS,699,30% OFF,999,printed,multicolor
REDLINE MENS SKY BLUE POCKET POLO T-SHIRTS,699,30% OFF,999,printed,multicolor
REDLINE MENS JET BLACK POCKET POLO T-SHIRTS,699,30% OFF,999,printed,multicolor
REDLINE MENS ORANGE POCKET POLO T-SHIRTS,699,30% OFF,999,printed,multicolor
Poly Blend Red Short Sleeves Solid Tshirts (Pack of 2),399,60% OFF,999,printed,multicolor
Vintage Designed Kantha Stitch (Hand Made) Cotton Kurta,979,2% OFF,999,printed,multicolor
Viaan Trending Grey Printed T-shirt For Men (Pack of 2),499,17% OFF,599,printed,multicolor
Poly Blend Red Short Sleeves Printed Tshirts (Pack of 2,499,17% OFF,599,printed,multicolor
Incredible Designed Kantha Stitch (Hand Made) Cotton Ku,945,5% OFF,999,printed,multicolor
"Stylish Men's Red, Grey Printed T-shirt - Premium Quali",499,17% OFF,599,printed,multicolor
"Stylish Men's Yellow, Red Printed T-shirt - Premium Qua",499,17% OFF,599,printed,multicolor
Urbane Designer Polyester Men Tshirts,149,70% OFF,499,printed,multicolor
"Poly Blend Yellow, Grey Short Sleeves Printed Tshirts (",499,17% OFF,599,printed,multicolor
Trendy Polyester Ravishing White Men Tshirts,129,78% OFF,599,printed,multicolor
Poly Blend Grey Short Sleeves Solid Tshirts,399,20% OFF,499,printed,multicolor
"Combo Men's Yellow, Red Printed T-shirt - Premium Quali",499,17% OFF,599,printed,multicolor
Trendy Top Wear Polyester Grey T-shirt For Men,159,73% OFF,599,printed,multicolor
Sthulas Solid Men Round Neck Reversible Black T-Shirt,299,57% OFF,699,printed,multicolor
Sthulas Solid Men Round Neck Green T-Shirt,699,46% OFF,1299,printed,multicolor
Sthulas Solid Men Round Neck Orange T-Shirt,699,46% OFF,1299,printed,multicolor
Sthulas Printed Men Round Neck Black T-Shirt,699,46% OFF,1299,printed,multicolor
Sthulas Printed Men Round Neck Black T-Shirt,299,70% OFF,999,printed,multicolor
The Allchemy Striped Men Round Neck Reversible Multicol,249,75% OFF,999,printed,multicolor
Mohave Solid Men Round Neck White T-Shirt,230,77% OFF,999,printed,multicolor
Sthulas Printed Men Round Neck Blue T-Shirt,200,80% OFF,999,printed,multicolor
Sthulas Printed Men Round Neck Black T-Shirt,349,73% OFF,1299,printed,multicolor
Sthulas Printed Men Round Neck Black T-Shirt,399,69% OFF,1299,printed,multicolor
Sthulas Solid Men Round Neck Maroon T-Shirt,399,60% OFF,999,printed,multicolor
Brand Print Hoodie with Kangaroo Pocket,699,30% OFF,999,printed,multicolor
"Sthulas Printed Men Round Neck Blue, Red T-Shirt",299,77% OFF,1299,printed,multicolor
OOKO KAKA Men's Checkered Casual Shirt,1799,33% OFF,2700,printed,multicolor
OOKO KAKA Men's Checkered Casual Shirt,1599,45% OFF,2925,printed,multicolor
OOKO KAKA Men's Checkered Casual Pink Shirt,1899,24% OFF,2499,printed,multicolor
OOKO KAKA Men's Slim Fit Casual Denim Shirt,1899,34% OFF,2880,printed,multicolor
OOKO KAKA Men Slim Fit Printed Spread Collar Casual Shi,1599,30% OFF,2295,printed,multicolor
OOKO KAKA Men Slim Fit Printed Spread Collar Casual Shi,1899,34% OFF,2880,printed,multicolor
OOKO KAKA Men Solid Casual Blue Shirt,1999,23% OFF,2599,printed,multicolor
OOKO KAKA Men Solid Casual Cream Shirt,1899,24% OFF,2499,printed,multicolor
OOKO KAKA Slim Fit Cotton Casual Printed Shirt for Men,1899,24% OFF,2499,printed,multicolor
OOKO KAKA Slim Fit Cotton Multi-Color Printed Shirt for,1899,24% OFF,2499,printed,multicolor
OOKO KAKA Men Checkered Casual Pink Shirt,1899,24% OFF,2499,printed,multicolor
OOKO KAKA Men Checkered Casual Multicolor Shirt,1899,24% OFF,2499,printed,multicolor
OOKO KAKA Men Solid Casual Green Shirt,1699,26% OFF,2299,printed,multicolor
OOKO KAKA Men's Mandarin Collar Casual Shirt,1699,26% OFF,2299,printed,multicolor
OOKO KAKA Men Solid Casual Dark Green Shirt,1699,26% OFF,2299,printed,multicolor
OOKO KAKA Men's Checkered Casual Red Shirt,1899,24% OFF,2499,printed,multicolor
OOKO KAKA Men's Cotton Striped Slim Fit Casual Shirt,1599,30% OFF,2295,printed,multicolor
OOKO KAKA Men's Checkered Casual Shirt,1899,34% OFF,2880,printed,multicolor
OOKO KAKA Men's Checkered Casual Shirt,1599,41% OFF,2700,printed,multicolor
OOKO KAKA Men Solid Casual White Shirt,1899,24% OFF,2499,printed,multicolor
OOKO KAKA Men Solid Casual Red Shirt,1699,26% OFF,2299,printed,multicolor
Sivacchi Men White Underwear,254,49% OFF,499,printed,multicolor
Sivacchi Men Black Underwear,254,49% OFF,499,printed,multicolor
Cambridge sport,569,43% OFF,999,printed,multicolor
Leotude Oversized Fit Round Neck CottonBlend T-shirt Fo,499,55% OFF,1099,printed,multicolor
Leotude Oversized Fit Round Neck CottonBlend T-shirt Fo,349,68% OFF,1099,printed,multicolor
REDLINE MENS YELLOW EMBROIDERED POLO T-SHIRTS,699,30% OFF,999,printed,multicolor
REDLINE MENS RED EMBROIDERED POLO T-SHIRTS,699,30% OFF,999,printed,multicolor
Redline Mens Solid Joggers,999,6% OFF,1059,printed,multicolor
REDLINE MENS LIGHT YELLOW EMBROIDERED POLO T-SHIRTS,699,30% OFF,999,printed,multicolor
REDLINE MENS JET BLACK EMBROIDERED POLO T-SHIRTS,699,30% OFF,999,printed,multicolor
REDLINE MENS DARK PINK EMBROIDERED POLO T-SHIRTS,699,30% OFF,999,printed,multicolor
Redline Men's Turkish Tile S/J Crew Neck T-Shirt,449,10% OFF,499,printed,multicolor
REDLINE MENS BRILLIANT WHITE EMBROIDERED POLO T-SHIRTS,699,30% OFF,999,printed,multicolor
REDLINE MENS WATER BLUE EMBROIDERED POLO T-SHIRTS,699,30% OFF,999,printed,multicolor
REDLINE MENS LIGHT PINK EMBROIDERED POLO T-SHIRTS,699,30% OFF,999,printed,multicolor
Redline Men's Infinity S/J Crew Neck T-Shirt,449,10% OFF,499,printed,multicolor
Redline Men's Mimosa S/J Crew Neck T-Shirt,449,10% OFF,499,printed,multicolor
Redline Men's Insignia Blue S/J Crew Neck T-Shirt,449,10% OFF,499,printed,multicolor
Prj In Style Men Slim Fit Black Jeans,599,54% OFF,1299,printed,multicolor
Ruggstar Cotton Black Solid Round Slim Fit Short Sleeve,999,50% OFF,1999,printed,multicolor
belle bliss boys printed shirt,999,23% OFF,1299,printed,multicolor
belle bliss boys printed shirt,799,20% OFF,999,printed,multicolor
belle bliss boys printed shirt,699,30% OFF,999,printed,multicolor
Redline Mens V-Neck T-Shirt,459,8% OFF,499,printed,multicolor
LEAFCARE 100 cotton tshirt for menlightweightsuperbcasu,399,60% OFF,999,printed,multicolor
Leafcare Pure Cotton Round Neck Tshirt For Men,399,60% OFF,999,printed,multicolor
LEAFCARE pure cotton round neck t shirt for mensolid100,399,60% OFF,999,printed,multicolor
Baleshwar Men Sky Blue Solid Formal Shirt (Pack Of 1 ),399,64% OFF,1099,printed,multicolor
belle bliss boys printed shirt,699,42% OFF,1200,printed,multicolor
belle bliss boys printed shirt,799,38% OFF,1299,printed,multicolor
belle bliss boys solid hoodie,999,17% OFF,1200,printed,multicolor
Code Yellow Women Solid Round Neck Navy T-Shirt,799,20% OFF,999,printed,multicolor
Code Yellow Men Solid Round Neck Grey T-Shirt,799,20% OFF,999,printed,multicolor
billi bliss Shirt for Boys,899,36% OFF,1399,printed,multicolor
billi bliss T Shirt for Boys,799,43% OFF,1399,printed,multicolor
billi bliss Shirt for Boys,1299,35% OFF,1999,printed,multicolor
billi bliss T Shirt for Boys,899,40% OFF,1499,printed,multicolor
billi bliss Shirt for Kids,999,38% OFF,1599,printed,multicolor
billi bliss T Shirt for Boys,999,38% OFF,1599,printed,multicolor
Summer Beauty Solid Men Polo Neck Multicolor T-Shirt,879,32% OFF,1299,printed,multicolor
belle bliss Sweatshirt for Boys,1899,27% OFF,2599,printed,multicolor
billi bliss Shirt for Mens,1299,19% OFF,1599,printed,multicolor
billi bliss Shirt for Men,1299,35% OFF,1999,printed,multicolor
billi bliss T Shirt for Baby Boys,999,38% OFF,1599,printed,multicolor
billi bliss T Shirt for Boys,899,44% OFF,1599,printed,multicolor
FastB Men & Women Full Sleeve Printed Hooded Sweatshirt,1739,30% OFF,2499,printed,multicolor
Formal Trouser Adam Phillip,850,53% OFF,1800,printed,multicolor
Ruggstar Men Dark Grey Round Neck Polyester T-Shirt,219,69% OFF,699,printed,multicolor
ADAM PHILLIP TROUSER BUY 1GET 1,1080,68% OFF,3360,printed,multicolor
SKYFIT Mens Hood Neck Tshirts Men Solid Hooded Neck Ora,269,55% OFF,599,printed,multicolor
SKYFIT Men Solid Hooded Neck Dark Green T-Shirt,269,40% OFF,449,printed,multicolor
SKYFIT Men Color Block Hooded Neck Black T-Shirt,269,55% OFF,599,printed,multicolor
SKYFIT Yellow Hood Multicolor Sleeve Men Solid Hooded N,269,55% OFF,599,printed,multicolor
SKYFIT Men Solid Hooded Neck White T-Shirt,499,17% OFF,599,printed,multicolor
SKYFIT Fashnable Hooded Neck Tshirt Men Solid Hooded Ne,269,40% OFF,449,printed,multicolor
"SKYFIT Men Solid Hooded Neck Black, Yellow T-Shirt",268,40% OFF,449,printed,multicolor
SKYFIT Men Solid Hooded Neck Red T-Shirt,269,40% OFF,449,printed,multicolor
SKYFIT Grey Multicolor Hood Men Solid Hooded Neck Grey,268,55% OFF,599,printed,multicolor
SKYFIT FOURWAY BLUE TSHIRTS Men Solid Round Neck Navy B,279,53% OFF,599,printed,multicolor
SKYFIT HOOD TSHIRTS Men Solid Hooded Neck Light Green T,269,61% OFF,697,printed,multicolor
SKYFIT Logo printed hood Mustard Men Printed Hooded Nec,269,62% OFF,699,printed,multicolor
SKYFIT HOODED NECK TSHIRTS Men Solid Hooded Neck Dark B,269,66% OFF,799,printed,multicolor
"SKYFIT Logo Hood Red Men Solid Hooded Neck Red, Black T",269,66% OFF,799,printed,multicolor
SKYFIT Hooded Neck TShirt For Men And Women Men Solid H,269,52% OFF,555,printed,multicolor
SKYFIT Pack of 2 Men Printed Round Neck Dark Green T-Sh,439,60% OFF,1099,printed,multicolor
SKYFIT Men Color Block Round Neck Black T-Shirt,275,54% OFF,599,printed,multicolor
SKYFIT Pack of 2 Combo 2 Logo Hood Mustard and Skyblue,519,53% OFF,1099,printed,multicolor
SKYFIT Men Solid Hooded Neck Yellow T-Shirt,269,62% OFF,699,printed,multicolor
SKYFIT Pack of 2 Men Solid Hooded Neck Multicolor T-Shi,479,52% OFF,999,printed,multicolor
SKYFIT EAGLE RED TSHIRT Men Printed Round Neck Red T-Sh,269,66% OFF,799,printed,multicolor
SKYFIT Men Color Block Hooded Neck Multicolor T-Shirt,269,55% OFF,599,printed,multicolor
SKYFIT Men Solid Round Neck Maroon T-Shirt,259,54% OFF,559,printed,multicolor
"SKYFIT Men Solid Hooded Neck Multicolor, Grey T-Shirt",269,52% OFF,555,printed,multicolor
SKYFIT Olive Green Hood Men Solid Hooded Neck Multicolo,269,55% OFF,599,printed,multicolor
SKYFIT Hood Neck TShirts For Men And Women Men Solid Ho,269,52% OFF,555,printed,multicolor
SKYFIT Pack of 2 Tiger Printed hood Combo 2 Orange and,479,56% OFF,1099,printed,multicolor
SKYFIT FOURWAY SPORTS TSHIRT GREY Men Solid Round Neck,279,60% OFF,699,printed,multicolor
SKYFIT Men Solid Round Neck Black T-Shirt,239,66% OFF,699,printed,multicolor
SKYFIT Men Solid Hooded Neck Black T-Shirt,269,54% OFF,589,printed,multicolor
Printed Men Maroon T-Shirt,279,44% OFF,499,printed,multicolor
REDLINE MENS CHARCOAL MEL SOLID POLO T-SHIRTS,699,30% OFF,999,printed,multicolor
Men's Lt.Blue Enzyme Finish Solid Polo T-Shirt,899,15% OFF,1059,printed,multicolor
REDLINE MENS GREY MELALNGE SOLID POLO T-SHIRTS,699,30% OFF,999,printed,multicolor
Men's Grey Melange Enzyme Finish Solid Polo T-Shirt,999,6% OFF,1059,printed,multicolor
Men's Mint Enzyme Finish Solid Polo T-Shirt,899,18% OFF,1099,printed,multicolor
REDLINE MENS BLUE EMBROIDERED POLO T-SHIRTS,699,30% OFF,999,printed,multicolor
Redline Men's Thyme S/J Crew Neck T-Shirt,449,10% OFF,499,printed,multicolor
Redline Mens Solid Shorts,859,14% OFF,999,printed,multicolor
REDLINE MENS CHARCOAL MAL EMBROIDERED POLO T-SHIRTS,699,30% OFF,999,printed,multicolor
Redline Men's Solid Solid Shorts,699,30% OFF,999,printed,multicolor
REDLINE MENS EMBROIDERED POLO T-SHIRTS,699,30% OFF,999,printed,multicolor
Redline Men's Black S/J Crew Neck T-Shirt,449,10% OFF,499,printed,multicolor
UDNAG Unisex Round Neck Graphic 'Cows | easily distract,399,80% OFF,1999,printed,multicolor
UDNAG Unisex Round Neck Graphic 'Slam dunks | 100 days,399,80% OFF,1999,printed,multicolor
UDNAG Unisex Round Neck Graphic 'Hug | Serial Hugger' P,399,80% OFF,1999,printed,multicolor
UDNAG Unisex Round Neck Graphic 'Tribe | 120 days with,399,80% OFF,1999,printed,multicolor
UDNAG Unisex Round Neck Graphic 'Cameraman | DSLR Camer,399,80% OFF,1999,printed,multicolor
UDNAG Unisex Round Neck Graphic 'School Teacher | diffe,399,80% OFF,1999,printed,multicolor
UDNAG Unisex Round Neck Graphic 'Run' Polyester T-Shirt,399,80% OFF,1999,printed,multicolor
UDNAG Unisex Round Neck Graphic 'Brick | Another brick,399,80% OFF,1999,printed,multicolor
UDNAG Unisex Round Neck Graphic 'Christmas Santa | dear,399,80% OFF,1999,printed,multicolor
UDNAG Unisex Round Neck Graphic 'Mother | I LODE YOU MO,399,80% OFF,1999,printed,multicolor
UDNAG Unisex Round Neck Graphic 'Couple | Lo' Polyester,399,80% OFF,1999,printed,multicolor
UDNAG Unisex Round Neck Graphic 'I'm Rich' Polyester T-,399,80% OFF,1999,printed,multicolor
UDNAG Unisex Round Neck Graphic 'Millionaire | Becoming,399,80% OFF,1999,printed,multicolor
UDNAG Unisex Round Neck Graphic 'fist bumb' Polyester T,399,80% OFF,1999,printed,multicolor
UDNAG Unisex Round Neck Graphic 'Dentist | a dentist' P,399,80% OFF,1999,printed,multicolor
UDNAG Unisex Round Neck Graphic 'Bike' Polyester T-Shir,399,80% OFF,1999,printed,multicolor
UDNAG Unisex Round Neck Graphic 'Dad | hamster Dad' Pol,399,80% OFF,1999,printed,multicolor
UDNAG Unisex Round Neck Graphic 'Ancient Man' Polyester,399,80% OFF,1999,printed,multicolor
UDNAG Unisex Round Neck Graphic 'School Teacher | donut,399,80% OFF,1999,printed,multicolor
UDNAG Unisex Round Neck Graphic 'I am up there' Polyest,399,80% OFF,1999,printed,multicolor
UDNAG Unisex Round Neck Graphic 'Chicken | i just freak,399,80% OFF,1999,printed,multicolor
PRJ IN STYLE Men Slim Fit Light Blue Jeans,499,62% OFF,1299,printed,multicolor
PRJ IN STYLE Men Slim Fit Black Jeans with Knee Cut,549,58% OFF,1299,printed,multicolor
PRJ IN STYLE Men Slim Fit Black Jeans,549,58% OFF,1299,printed,multicolor
Trendy Polyester Printed Tshirt For Men,129,74% OFF,499,printed,multicolor
Graphic Print Men White Round Neck Polyester Casual T-S,199,60% OFF,499,printed,multicolor
Ruggstar Branded T-Shirt For Men (Grey Navy Baju Patti,469,22% OFF,599,printed,multicolor
UDNAG Unisex Round Neck Graphic 'Couple | His Baby' Pol,399,80% OFF,1999,printed,multicolor
UDNAG Unisex Round Neck Graphic 'School Teacher | love,399,80% OFF,1999,printed,multicolor
UDNAG Unisex Round Neck Graphic 'Horse | i am the horse,399,80% OFF,1999,printed,multicolor
UDNAG Unisex Round Neck Graphic 'Adorable Days | 100 ad,399,80% OFF,1999,printed,multicolor
UDNAG Unisex Round Neck Graphic 'Horse | born to ride h,399,80% OFF,1999,printed,multicolor
UDNAG Unisex Round Neck Graphic 'Kiss | Serial Kisser',399,80% OFF,1999,printed,multicolor
UDNAG Unisex Round Neck Graphic 'No Commitments Please',399,80% OFF,1999,printed,multicolor
UDNAG Unisex Round Neck Graphic 'Home | home is whereve,399,80% OFF,1999,printed,multicolor
UDNAG Unisex Round Neck Graphic 'School Teacher | 8th g,399,80% OFF,1999,printed,multicolor
UDNAG Unisex Round Neck Graphic 'I stole his last name',399,80% OFF,1999,printed,multicolor
UDNAG Unisex Round Neck Graphic 'Epic | It about to get,399,80% OFF,1999,printed,multicolor
UDNAG Unisex Round Neck Graphic 'RESISIR' Polyester T-S,399,80% OFF,1999,printed,multicolor
UDNAG Unisex Round Neck Graphic 'Dad | A sons first her,399,80% OFF,1999,printed,multicolor
UDNAG Unisex Round Neck Graphic 'Couple | Her Baby' Pol,399,80% OFF,1999,printed,multicolor
UDNAG Unisex Round Neck Graphic 'Power | Who needs coff,399,80% OFF,1999,printed,multicolor
UDNAG Unisex Round Neck Graphic 'Badminton | Badminton,399,80% OFF,1999,printed,multicolor
UDNAG Unisex Round Neck Graphic 'Brother Sister | My Si,399,80% OFF,1999,printed,multicolor
UDNAG Unisex Round Neck Graphic 'Corona | Lockdown Club,399,80% OFF,1999,printed,multicolor
UDNAG Unisex Round Neck Graphic 'Super se bhi upar' Pol,399,80% OFF,1999,printed,multicolor
UDNAG Unisex Round Neck Graphic 'I ROARED my way into p,399,80% OFF,1999,printed,multicolor
UDNAG Unisex Round Neck Graphic 'Extraordinary' Polyest,399,80% OFF,1999,printed,multicolor
UDNAG Unisex Round Neck Graphic 'Dog | I'm Just A' Poly,399,80% OFF,1999,printed,multicolor
UDNAG Unisex Round Neck Graphic 'Doctor | Every patient,399,80% OFF,1999,printed,multicolor
UDNAG Unisex Round Neck Graphic 'LOVELY MOM' Polyester,399,80% OFF,1999,printed,multicolor
UDNAG Unisex Round Neck Graphic 'Love | I LOVE YOU THIS,399,80% OFF,1999,printed,multicolor
UDNAG Unisex Round Neck Graphic '100 Days | i survived,399,80% OFF,1999,printed,multicolor
UDNAG Unisex Round Neck Graphic 'Dentist | Evolution de,399,80% OFF,1999,printed,multicolor
UDNAG Unisex Round Neck Graphic 'Christmas | Be merry y,399,80% OFF,1999,printed,multicolor
UDNAG Unisex Round Neck Graphic 'Vegan | Ask me why i'm,399,80% OFF,1999,printed,multicolor
UDNAG Unisex Round Neck Graphic 'School Teacher | i tea,399,80% OFF,1999,printed,multicolor
MRD DESIGNER HUB Men's Quick Dry Regular Fit T-Shirt,350,42% OFF,599,printed,multicolor
UDNAG Unisex Round Neck Graphic 'Halloween | Lets fang,399,80% OFF,1999,printed,multicolor
UDNAG Unisex Round Neck Graphic 'Garden | When people',399,80% OFF,1999,printed,multicolor
UDNAG Unisex Round Neck Graphic 'Bowling | Who gives' P,399,80% OFF,1999,printed,multicolor
UDNAG Unisex Round Neck Graphic 'Martial Art | Muay Tha,399,80% OFF,1999,printed,multicolor
UDNAG Unisex Round Neck Graphic 'Martial Art | Martial',399,80% OFF,1999,printed,multicolor
UDNAG Unisex Round Neck Graphic 'witch | Wicket Little,399,80% OFF,1999,printed,multicolor
UDNAG Unisex Round Neck Graphic 'witch | Too cute to sp,399,80% OFF,1999,printed,multicolor
UDNAG Unisex Round Neck Graphic 'Garden | All gardening,399,80% OFF,1999,printed,multicolor
UDNAG Unisex Round Neck Graphic 'Mother | Bowling MOM',399,80% OFF,1999,printed,multicolor
UDNAG Unisex Round Neck Graphic 'witch | Wicked Little,399,80% OFF,1999,printed,multicolor
UDNAG Unisex Round Neck Graphic 'Hockey | Proud' Polyes,399,80% OFF,1999,printed,multicolor
UDNAG Unisex Round Neck Graphic 'Garden | Live at' Poly,399,80% OFF,1999,printed,multicolor
UDNAG Unisex Round Neck Graphic 'Halloween | The Great,399,80% OFF,1999,printed,multicolor
UDNAG Unisex Round Neck Graphic 'Golf | Golfmaster' Pol,399,80% OFF,1999,printed,multicolor
UDNAG Unisex Round Neck Graphic 'Golf | World's' Polyes,399,80% OFF,1999,printed,multicolor
UDNAG Unisex Round Neck Graphic 'Garden | Eat sleep' Po,399,80% OFF,1999,printed,multicolor
UDNAG Unisex Round Neck Graphic 'witch | Potion Bar' Po,399,80% OFF,1999,printed,multicolor
UDNAG Unisex Round Neck Graphic 'TV | If' Polyester T-S,399,80% OFF,1999,printed,multicolor
UDNAG Unisex Round Neck Graphic 'Halloween | Im just Fr,399,80% OFF,1999,printed,multicolor
UDNAG Unisex Round Neck Graphic 'Halloween | Happy Hall,399,80% OFF,1999,printed,multicolor
UDNAG Unisex Round Neck Graphic 'Football | If a man' P,399,80% OFF,1999,printed,multicolor
UDNAG Unisex Round Neck Graphic 'Garden | A garden' Pol,399,80% OFF,1999,printed,multicolor
